{
  "roc_auc": 0.819365005554264,
  "pr_auc": 0.6081671124643833,
  "best_threshold": 0.3,
  "best_f1": 0.6135105204872646,
  "precision_by_class": [
    0.8897727272727273,
    0.5236294896030246
  ],
  "recall_by_class": [
    0.7565217391304347,
    0.7406417112299465
  ],
  "f1_by_class": [
    0.8177545691906005,
    0.6135105204872646
  ],
  "support_by_class": [
    1035,
    374
  ],
  "confusion_matrix": [
    [
      783,
      252
    ],
    [
      97,
      277
    ]
  ],
  "n_test": 1409
}